{
  "setup": {
    "nodes": 1000000,
    "queries": 500,
    "dim": 384,
    "seed": 25482235886,
    "serial": false,
    "parallel_cascade": true
  },
  "recall": {
    "recall_at_10": 0.9994,
    "recall_at_100": 1.0
  },
  "latency_us": {
    "mean": 795.566590000001,
    "p50": 791.792,
    "p95": 849.417,
    "p99": 874.4580000000001,
    "min": 703.292,
    "max": 919.667
  },
  "gate": {
    "passed": true,
    "failures": [],
    "min_recall_10": 0.99,
    "min_recall_100": 0.995,
    "max_p95_us": 1000.0
  }
}